url,ts
https://code.claude.com/docs/en/amazon-bedrock.md,2025-12-11T21:38:07.605Z
https://code.claude.com/docs/en/analytics.md,2025-11-06T11:15:15.210Z
https://code.claude.com/docs/en/checkpointing.md,2025-11-06T11:15:15.211Z
https://code.claude.com/docs/en/claude-code-on-the-web.md,2025-12-08T03:41:48.056Z
https://code.claude.com/docs/en/cli-reference.md,2025-12-07T22:25:00.114Z
https://code.claude.com/docs/en/common-workflows.md,2025-12-12T18:12:27.905Z
https://code.claude.com/docs/en/costs.md,2025-11-06T14:24:27.883Z
https://code.claude.com/docs/en/data-usage.md,2025-12-07T22:25:00.109Z
https://code.claude.com/docs/en/desktop.md,2025-12-08T03:41:48.050Z
https://code.claude.com/docs/en/devcontainer.md,2025-12-08T03:41:48.051Z
https://code.claude.com/docs/en/github-actions.md,2025-12-08T03:41:48.058Z
https://code.claude.com/docs/en/gitlab-ci-cd.md,2025-12-07T22:25:00.116Z
https://code.claude.com/docs/en/google-vertex-ai.md,2025-12-07T22:25:00.115Z
https://code.claude.com/docs/en/headless.md,2025-12-08T03:41:48.054Z
https://code.claude.com/docs/en/hooks.md,2025-12-08T03:41:48.053Z
https://code.claude.com/docs/en/hooks-guide.md,2025-12-07T22:25:00.113Z
https://code.claude.com/docs/en/iam.md,2025-12-04T21:38:24.433Z
https://code.claude.com/docs/en/interactive-mode.md,2025-12-12T18:12:27.903Z
https://code.claude.com/docs/en/jetbrains.md,2025-12-07T22:25:00.112Z
https://code.claude.com/docs/en/legal-and-compliance.md,
https://code.claude.com/docs/en/llm-gateway.md,2025-11-18T18:08:32.436Z
https://code.claude.com/docs/en/mcp.md,2025-12-08T03:41:48.054Z
https://code.claude.com/docs/en/memory.md,2025-12-13T05:20:52.035Z
https://code.claude.com/docs/en/microsoft-foundry.md,
https://code.claude.com/docs/en/model-config.md,2025-12-08T03:41:48.055Z
https://code.claude.com/docs/en/monitoring-usage.md,2025-12-07T22:25:00.769Z
https://code.claude.com/docs/en/network-config.md,2025-11-06T11:15:15.778Z
https://code.claude.com/docs/en/output-styles.md,2025-11-11T00:10:14.924Z
https://code.claude.com/docs/en/overview.md,2025-12-09T02:26:57.477Z
https://code.claude.com/docs/en/plugin-marketplaces.md,2025-12-07T22:25:00.768Z
https://code.claude.com/docs/en/plugins.md,2025-12-08T03:41:48.677Z
https://code.claude.com/docs/en/plugins-reference.md,2025-12-04T16:55:59.814Z
https://code.claude.com/docs/en/quickstart.md,2025-11-06T14:24:28.317Z
https://code.claude.com/docs/en/sandboxing.md,2025-12-09T03:33:41.627Z
https://code.claude.com/docs/en/sdk/migration-guide.md,2025-12-08T03:41:48.681Z
https://code.claude.com/docs/en/security.md,2025-11-06T14:24:28.318Z
https://code.claude.com/docs/en/settings.md,2025-12-12T18:12:27.907Z
https://code.claude.com/docs/en/setup.md,2025-12-12T20:48:40.045Z
https://code.claude.com/docs/en/skills.md,2025-12-07T22:25:00.770Z
https://code.claude.com/docs/en/slack.md,
https://code.claude.com/docs/en/slash-commands.md,2025-12-10T06:23:58.661Z
https://code.claude.com/docs/en/statusline.md,2025-12-11T04:39:02.764Z
https://code.claude.com/docs/en/sub-agents.md,2025-12-08T03:41:48.689Z
https://code.claude.com/docs/en/terminal-config.md,2025-12-08T03:41:48.682Z
https://code.claude.com/docs/en/third-party-integrations.md,2025-12-07T22:25:00.766Z
https://code.claude.com/docs/en/troubleshooting.md,2025-12-08T03:41:48.679Z
https://code.claude.com/docs/en/vs-code.md,2025-12-08T03:41:49.626Z
